No.,"상위분류(왼쪽 상위 메뉴명 혹은 E2B 메뉴(CI, RP 등)",하위분류(하위 메뉴명/기능 혹은 E2B Elements),PV Comments,Updated date of PV Comments,개발자 Comments,Updated date of 개발자 Comments,Updated?
1,General/Common,-,"1. Title: 현재 E2BR3 Safety DB로 되어 있으나 E2B(R3) 준수는 Default이므로 삭제하고 추후 정해지는 Naming(예, QVIS Safety, QVIS NovaSafe, Qaris 등등) 반영 필요
2. Routing page: Organization 정보는 INFO의 Sender Organization 정보와 연동되도록 설정 요망, 크게 QVIS, Client로 구분 후 Client 하위에 등록된 Sender 목록이 생성되도록 구현 요망
3. Manual, Release history 등 User의 Database 관리 문서 확인을 위한 페이지 필요
(또한 UAT 과정에서도 각 페이지/각 기능에 대한 설명/동작 logic 등을 명시한 기본 문서가 있어야 기능에 대한 Test 가능)
4. 하위 탭 제목(CI, RP 등) 및 항목별(C.1.1, C.1.2 등) 가독성 높여주기 바람
5. 로그인 유지 시간 설정 및 시간별로 팝업창, 로그인 시간 연장 기능 필요
6. Review에 대한 용어들이 Validated 등 여러가지 용어로 표시되어 있으며, QC로 통일 필요 (필드명은 QC, QC 체크 후 필드값은 QCed로 표시)
7. 항목 별 예시 입력 내용 삭제 (적절하지 않은 예시로 혼선을 줄 우려가 있기 때문)
8. Notation 기능 추가 시 Auto-translation 기능 탑재 요청 (Preferrred)
9. DG_PRD_KEY 용어 Product ID로 수정 요청",2026-02-25,"2026-03-12 부분 반영: 사용자 노출 브랜딩은 SafetyDB로 유지하되 configurable naming 작업은 이번 pass 범위에서 제외함. Routing page는 INFO Sender master의 senderOrganization 기준으로 QVIS / Client 섹션으로 재구성했고, Client organization 카드 하위에 연결된 sender master 목록이 보이도록 수정함. DATA 페이지의 placeholder를 Manual / Release History / UAT Notes 허브로 교체했고, ADMIN > Settings에 idle session limit / warning lead time 설정을 추가한 뒤 인증된 사용자 전체가 해당 설정을 읽어 inactivity warning popup + Extend session 흐름을 사용하도록 연결함. 또한 로그인/ADMIN/INFO/CASE live form에서 Jane, example.com, 서술형 예시 문구, 다수의 `e.g.` placeholder를 제거하고 neutral label placeholder로 정리함. QC 용어와 Product ID 용어 정리는 기존 pass에서 반영 상태를 유지함. 다만 notation auto-translation은 아직 미구현.",2026-03-12,Partial
2,HOME/Dashboard,-,"1. Home 화면에 표시되는 정보 및 섹션 구분을 전체적으로 재구성해 주기 바람
1) 현재 통계 수치 기준 및 집계 범위(아래)가 불명확하며, 표시되는 정보가 대체로 불필요함.
Total case/Pending reveiw/Critical case/Submitted  등의 집계 기준, severity distribution 분류 및 정의, Critical cases의 정의 등
2) 실무적으로 (1)Notice 섹션, (2) 전체 Entry 된 사례 수 및 품목 별 사례 수, (3) (WF를 개발한다면) User 별 To Do list 및 접근 링크
2. Appendix(ICH E2B(R3), MFDS, FDA 등) 선택 기능을 추가: 하나의 case에 대해 2가지 이상의 appendix를 동시에 적용할 수 있도록 개발 요청. cubeSAFETY와 달리 설정된 appendix에 해당하는 regional elements들이 case 페이지에서 모두 나타나도록 설정되도록 반영 요청(Preferred) 예, 필요에 따라 MFDS, FDA 한 가지만 선택하거나 MFDS+FDA를 동시에 선택할 수 있도록, 후자의 경우 각 국가별 항목이 case 페이지에서 동시에 보여지도록 설정) ",2026-02-25,"2026-03-12 반영 완료: Dashboard를 정적 데모 차트 중심 화면에서 실제 운영 홈으로 전면 재구성했고, Notice/실제 case 수/appendix별 case 수/To Do 링크/Quick Actions/Recent Cases를 추가함. 또한 case 메타데이터에 복수 appendix 선택값을 저장하는 appendices_json 필드를 추가하고, case header에서 ICH/FDA/MFDS를 복수 선택할 수 있게 수정했으며, C.1/C.2.r/D/E/G 등 regional section 표시도 selected appendices 기준으로 동시 노출되도록 변경함. 이어서 case validation에 /api/cases/{id}/validation/all endpoint를 추가하여 선택된 appendix 전부에 대해 한 번에 semantic validation을 수행하고, case form save/QC 전 검증도 이를 사용하도록 보완함. Export/Submission 큐에서도 case별 appendix set을 표시/필터링하고, 선택한 authority appendix가 포함된 case만 export/submission 하도록 제어했으며, 단일 case 선택 시 Export Scope = All selected appendices 옵션으로 여러 appendix XML을 한 번의 액션으로 순차 생성할 수 있게 함. 이번 pass에서는 direct submission도 reason-for-change + e-signature 확인 후 selected authority 또는 case에 연결된 모든 submittable appendices(FDA/MFDS)를 한 번의 액션으로 순차 제출하도록 확장함.",2026-03-12,Done
3,CASE,General/Common,"1. 상단의 회색 문구를 SDB에 맞게 수정 (예, Manage and track adverse event cases -> ICSRs)
2. 한 페이지 당 행 갯수 설정하는 기능 추가
3. 가장 최근 생성된 사례가 최상단에 제시되어야 함. 
4. table headings 필요한 항목으로 업데이트 (patient, age/gender, severity 정보 불필요, Date of creation, Date of Most Recent Information for This Report, WW unique no, Type of report, Product ID, Sender, Event(MedDRA), Submission, Status, Deleted 항목 등 필요한 정보로 재구성), Numbering 필요 
5. Case 삭제 시 데이터가 사라지지 않고 취소선 형식으로 남아 있도록 설정  
6. Actions>Edit, Delete 기능은 case 상세 페이지에 반영하고 Case 목록에서는 제외, Case 목록에서 해당 행을 클릭하면 조회/편집 가능하도록 설정
7. Status>QCed 표시는 어떤 의미인지? Review 완료의 의미라면 QCed로 표시하는 등 시스템 전체적으로 일관된 용어 사용
8. Case List 추출 기능 필요함.
9. Audit trail을 위해 Save, Delete 시 사유를 선택하고 comments 기재할 수 있는 기능 추가 
10. Source document 업로드 항목, Expectedness, Did reaction abate after stopping drug?, Product ID, Report year(혹은 Report Number, Sequence Number 등) 등 E2B 항목이 아닌 항목들 추가 필요",2026-02-25,"2026-03-09 반영: 상단 회색 문구를 ICSRs로 수정, page size 선택(10/25/50) 추가, 생성일 내림차순 정렬 유지 확인, 케이스 목록에 No./Case Number/Status/Date of Creation만 남기고 placeholder 컬럼 제거, 행 클릭으로 상세/편집 이동하도록 변경, reviewed/validated 표시는 Reviewed로 통일. 삭제 이력 유지, 목록 추출, audit trail 사유, 추가 비E2B 항목 등은 아직 미구현.",2026-03-09,Partial
10. Source document 업로드 항목, Expectedness, Did reaction abate after stopping drug?, Product ID, Report year(혹은 Report Number, Sequence Number 등) 등 E2B 항목이 아닌 항목들 추가 필요",2026-02-25,"2026-03-12 부분 반영: CASE 목록을 확장하여 No./Case Number/Date of Creation/Date of Most Recent Information/WW Unique No/Type of Report/Product ID/Sender/Event(MedDRA)/Submission/Status/Deleted/Report Year/Source Document 컬럼을 표시하고, filtered current page 기준 CSV export 기능을 추가함. 목록의 deleted case는 hard delete 대신 status=deleted soft-delete workflow로 남기고 취소선 스타일로 표시되며, 삭제 액션은 목록에서 제거한 채 상세 화면 More 메뉴에 reason-for-change + e-signature 확인 dialog와 함께 배치함. Reviewed 용어, page size, 최신순 정렬, 행 클릭 상세 진입은 유지한다. 다만 save 시점 전체에 대해 reason/comments를 강제 수집하는 범용 compliance UI와 Expectedness / abate-after-stopping-drug 등 추가 비E2B field 확장은 아직 미구현.",2026-03-12,Partial
4,CASE,필터,Table Heading 항목 별로 필터 기능을 활용할 수 있도록 수정,2026-02-25,"2026-03-12 반영 완료: CASE 목록 상단에 column-oriented filter set을 추가하여 case no/status 외에도 WW unique no, report type, product ID, sender, event, submission state, deleted state, report year, source document 기준으로 필터링할 수 있게 함. 필터는 목록에 표시되는 확장 컬럼과 맞춰 동작하며, filtered result 기준 local pagination 및 CSV export도 함께 반영됨.",2026-03-12,Done
5,CASE,Status(Review 및 Lock),"1. Review 체크 후에도 데이터 수정이 가능함. Review 체크된 상태에서 수정 불가하도록 설정 요망
2. Lock 버튼이 정상 작동하지 않음",2026-02-25,"2026-03-12 반영 완료: review 상태를 reviewed로 재정의하고 기존 legacy review 상태는 전면 제거함. reviewed는 사용자 노출 용어로 Reviewed로 표시되며, frontend/backend 모두 reviewed 및 locked case를 read-only로 처리하도록 확장함. lock 버튼은 persisted locked 상태로 정상 저장되고, reviewed/locked 모두 case core route와 case subresource write route 전반에서 수정이 차단되도록 유지함. validator가 blocking issue를 감지한 경우 자동 상태도 reviewed로 동기화되며, 기존 review-complete 데이터는 reviewed로 마이그레이션하는 SQL(35-cases-status-reviewed.sql)로 정리함.",2026-03-12,Done
6,CASE,Case 생성>General,"1. 달력: 
- 시스템 전체가 영어를 기반으로 개발되어 있으므로 달력 또한 같은 언어를 기반으로 설정되어야 함 (Duplication check 페이지에는 한글로 표시됨)
- UK을 허용하는 요소에 UK 기능이 설정되지 않았음 (예, AE Start date), E2B(R3) business rule 적용 요망
2. Validation profile (ICH/FDA/MFDS): duplication check에서 필요한 항목 아니므로 삭제 (해당 항목 설정에 관한 의견은 Home/Dashboard에 대한 검토 의견에서 확인 요망) 
3. 전체적으로 Null flavor 선택 기능이 누락되었음. 
4. 필수 항목(또는 optional mandatory elements) 누락 시 warning message 표시되도록 개발 요망  
5. 각 페이지 상단에 뜨는 메시지(예, Validation rules: cached copy)가 user에게 필요한 것인지? 그렇지 않다면 숨김 처리 


6. 상단 메시지(Red dot means this section has validation issues (blocking or non-blocking). Submission requires zero blocking issues and Validated status.)
- validation error 있어도 red dot 표시되지 않아 Validation 작동 여부 확인 필요
- blocking, non-blocking이 어떤 의미인지? User가 이해할 수 있는 용어로 표현 
7. 입력 창 우측의 ... 표시 동작하지 않음. 기능 구현 필요
8. Notation 기능 필요함 (2개의 언어로 입력해야 하는 경우)
9. 반복 입력 가능한 항목(r, i, k)은 행 형식(cubeSAFETY와 같이 표 형식)으로 제시되도록 변경 요청. (행에는 기본 정보만 제시하고 상세 정보는 행 클릭 시 확인, 수정할 수 있도록) 그렇지 않으면 페이지가 길어져서 각 항목별 입력 정보를 종합적으로 파악하기 어려움 
10. 페이지 우상단의 프린터, 사진, lock, ... 버튼 동작하지 않음. 아이콘 이름 및 기능 재정비 요망, 버튼 클릭 시 즉시 동작하지 않고 재확인하는 팝업창을 뜨도록 설정 요망  
- 프린터: CIOMS, XML 추출 기능 구현되어야 함. (XML 추출 시 Appendix 설정 기능 필요)
- 카메라: screenshot 기능 불필요함. 해당 case의 status(saved, reviewed, locked, deleted 등) 
- 체크 박스: Validate case -> QC로 수정 
- Follow-up 생성, Submission 기능 필요 (cubeSAFETY의 경우 ... 표시에서 선택 가능) 
12. MedDRA 버전은 목록에서 선택되도록 설정해야 함. 현재 검색 기능 사용 불가 (이하 MedDRA 항목 전체)
13. 항목 작성란 옆의 ""..."" 에서 Audit Trail, Notation(해당하는 항목에서), 삭제 기능 추가 필요
14. Save 누르지 않은 채 다른 페이지로 이동하는 경우 저장/취소 선택할 수 있도록 경고창 필요 
15. 국가 정보 입력하는 부분은 전체 동일하게 적용(ISO 3166-1 alpha-2, EU에서 목록을 선택)
16. D.7.1.r.1b 항목 을 포함하여 MedDRA 용어 활용시 MedDRA LLT Term으로 검색하고, 출력은 MedDRA LLT Term과 MedDRA code no가 함께 출력되도록 수정 필요",2026-02-25,"2026-03-12 최종 반영: row 6 범위를 case-form workflow 기준으로 마감함. 달력/날짜 UX는 English(en-US) 기준으로 정리했고 duplication check의 C.1.5 / E.i.4는 browser-locale date widget 대신 explicit E2B `YYYYMMDD` 입력으로 통일했으며, AE(E.i.4/E.i.5), LB(F.r.1), past drug(D.8.r.1), parent past drug(D.10.8.r.1), CI(C.1.2/C.1.4/C.1.5), Patient(D.1/D.2.1/D.2.2a/D.5/D.6/D.9.1/D.10.2.1/D.10.2.2a/D.10.3), history dates(D.7.1.r/D.8.r/D.10.7.1.r/D.10.8.r), DG dosage dates(G.k.4.r.4/G.k.4.r.5)까지 null flavor 저장/복원을 실제 backend 컬럼/SQL과 연결함. duplication check에서는 validation profile 선택을 제거했고, 상단 Validation rules 배지는 숨김 처리했으며, section tab 상단 안내는 사용자 표현으로 단순화하고 required-field review summary가 보이도록 변경함. case header 우상단 액션은 real action+confirm flow로 정리하여 printer는 active appendix XML export, camera는 제거 후 workflow status pill 표시, QC/Lock은 confirm 후 실행, more menu에서는 follow-up draft intake 진입과 Export / Submission 화면 이동이 가능하도록 변경함. repeatable rows는 DH/AE/LB/DG 등 현재 주요 sections에서 grid/table 방식으로 정리되며, field-level `...` action은 audit trail recent history와 notation(local saved note) dialog로 동작함. MedDRA version inputs는 free text 대신 selected term 기반 read-only 표시로 정리했고, MedDRA search/selected label은 `LLT term (code)` 형태로 통일함. country 입력은 reporter/sender/reaction/drug/device 제조국 등 live case-form 주요 country fields에서 raw 2-letter text input 대신 ISO 3166-1 alpha-2 searchable selector로 통일함. 운영 DB에는 28-safety-report-date-null-flavor.sql, 29-patient-history-date-null-flavor.sql, 30-patient-parent-core-null-flavor.sql, 31-patient-lmp-null-flavor.sql, 32-test-result-date-null-flavor.sql, 33-past-drug-name-null-flavor.sql, 34-parent-past-drug-name-null-flavor.sql 적용이 필요함.",2026-03-12,Done
7,CASE,Case 생성>Duplication check ,"1. Type of report 별로 입력 필요한 필수값이 달라지는 부분 반영 필요
2. 중복 case 판정 기준이 무엇인지 확인 필요
- 중복 확인을 위한 필수 항목이 입력되지 않으면 duplication check pass되지 않아야 함.  
- C.1.1, C.1.3, C.1.5, DG_PRD_KEY 정보가 다르더라도 환자 정보 및 AE term/시작일이 동일하다면 duplication 의심사례로 검증되어야 함 
3. duplication check에서 vaildation profile은 중복 case 판정 기준 아님
4. DG_PRD_KEY 항목(Product ID로 항목명 수정 요망)은 case info에서 등록한 Pre-approval IP Name 또는 Brand Name 정보를 선택하도록 설정해야 함. 
5. Duplication Check 에서 중복 의심사례더라도 경고창과 함께 case 생성 가능하도록 설정 필요",2026-02-25,"2026-03-11 반영 완료: duplication check backend 기준을 safety report id 동일 여부에서 환자 signature(초성/조사번호/연령+성별) + Reaction/Event term + AE start date 중심으로 재구성하여, C.1.1/C.1.3/C.1.5/Product ID가 달라도 의심 중복으로 검출되도록 수정함. 중복 판단에 필요한 핵심 입력이 없으면 duplicate check 자체가 통과되지 않도록 막았고, Report from study(type 2)의 경우 sponsor study number 또는 investigation number를 추가 필수 입력으로 강제함. UI에서는 validation profile을 중복 판정 기준처럼 보이지 않게 Initial Active Appendix로 분리 표기했고, Product ID도 INFO의 Product template 선택값(Pre-approval IP Name/Brand Name 등)으로 채울 수 있게 보완했으며, 중복 의심 시에도 Create anyway override로 경고 후 생성 가능하게 변경함.",2026-03-11,Done
8,,Case 생성>CI ,"1. 각 항목명 우측의 물음표 원문자의 기능은?
2. f/u case 선택 드롭다운 박스 (좌측 상단): 현재 연-월-일만 표시됩니다만, 같은 날짜에 생성된 케이스가 여러 개 있을 수 있으므로 C.1.2 기재사항 전체(시/분/초) 표시되도록 설정 요망
3. MFDS Report Type 항목 추가 필요, Non E2B(R3) element로서 Report year 항목 추가
4. C.1.6.1.r.2: 첨부 기능 구현되지 않은 듯
5. Non E2B(R3) element로서 Source document 업로드 항목 추가 필요",2026-02-25,"2026-03-11 반영 완료: CI 섹션의 help 아이콘은 각 필드 설명 tooltip으로 동작하도록 유지했고, linked report 영역에는 follow-up / linked case 선택 드롭다운을 추가하여 case id가 아니라 safety report id + version + C.1.2 시분초 수준 timestamp로 식별 가능하게 개선함. 또한 MFDS Report Type, Report Year, Source Document 업로드를 non-E2B case metadata로 추가하고 backend cases 테이블/REST payload/detail mapping까지 연결했으며, 업로드한 source document는 파일명/base64/media type으로 저장되도록 구현함. 기존 C.1.6.1.r.2 Included Documents 필드는 LR와 별개로 CI 문서영역에서도 유지된다. 운영 환경에서는 신규 SQL(25-cases-ci-metadata.sql) 적용이 필요함.",2026-03-11,Done
9,,Case 생성>RP,"1. Import template: 저장된 정보를 가져 오는 기능임을 직관적으로 알 수 있도록 표현 수정 (예, Import Reporter)
2. Primary Source for Regulatory Purposes(C.2.r.5) 허용되는 값과 상이함. 본 항목을 포함하여 ICH 항목 혹은 Regional 항목들 부합하는지 확인 필요",2026-02-25,"2026-03-11 반영: RP 섹션의 Import Template 버튼 문구를 Import Reporter Template으로 유지하면서, C.2.r.5를 Yes/No(1/2) 값셋으로 전면 정리함. Reporter template/Case RP form/frontend schema/backend primary source API/XML import를 함께 수정해 legacy Unknown(3)은 No(2)로 정규화되도록 처리했고, 여러 reporter가 있을 때 정확히 1명만 regulatory primary로 유지되도록 UI와 backend normalization을 추가함. terminology/schema migration은 26-primary-source-regulatory-normalization.sql 적용 필요.",2026-03-11,Done
10,,Case 생성>SD,"1. Import template: RP 시트와 같은 의견
2. Receiver 정보는 SD에 해당하지 않으므로 삭제, Submission 시 필요한 정보이므로 Submissoin 페이지에서 Receiver 정보 선택하도록 설정해야 함. ",2026-02-25,"2026-03-11 반영: SD 섹션은 sender 정보만 입력하도록 정리했고, case form의 receiver import/receiver address/routing 입력 블록을 제거함. SD 상단에 receiver routing은 Export / Submission 페이지에서 선택한다는 안내를 추가했으며, Submission 페이지에는 이미 sender/receiver template selector가 있어 해당 흐름으로 일원화됨.",2026-03-11,Done
11,,Case 생성>LR,C.4.r.2 항목 누락되었음. ,2026-02-25,"2026-03-09 반영 완료: LR 섹션에 C.4.r.2 Included Documents 업로드 입력을 추가했고, 기존 literature API payload(document_base64/media_type/representation)를 그대로 사용하도록 연결함. attachment-only literature entry도 저장되도록 생성 조건도 함께 보완함.",2026-03-09,Done
12,,Case 생성>AE ,"1. E.i.3.2는 false/true 선택 항목이 아님. True 선택하거나 Null Flavor에서 NI를 선택해야 함. 
2. Non-serious event인 경우 일괄 NI 선택할 수 있는 기능 추가, Business Rule 적용 여부 확인 필요함.",2026-02-25,"2026-03-11 반영: AE 섹션의 E.i.3.2a~f를 boolean checkbox에서 Yes / NI 선택 구조로 변경했고, 각 criterion은 true 또는 NI만 입력되도록 정리함. Non-serious 처리 버튼은 모든 seriousness criterion을 일괄 NI로 설정하도록 수정했으며, serious 여부는 여전히 선택된 true criterion 기준으로 자동 파생됨. 프론트엔드 save/load mapping과 백엔드 reactions 모델에도 criteria_*_null_flavor 컬럼/필드를 추가해 NI 상태를 persisted data로 저장하도록 확장했고, migration 27-reaction-seriousness-null-flavor.sql을 추가함.",2026-03-11,Done
13,,Case 생성>LB ,"F.r.3.1, F.r.3.3은 검증룰에 따라 정해진 목록을 선택하도록 설정해야 함. ",2026-02-25,"2026-03-11 반영: LB 섹션에서 F.r.3.1은 기존과 같이 4개 코드(Positive/Negative/Borderline/Inconclusive) 선택형을 유지하고, F.r.3.3은 하드코딩된 짧은 unit 목록 대신 backend ucum_units reference table을 읽는 /api/terminology/ucum-units endpoint 기반 autocomplete로 전환함. 따라서 test unit 선택은 이제 shared terminology data를 사용하며, endpoint 실패 시에만 기존 fallback shortlist를 사용함.",2026-03-11,Done
14,,Case 생성>DG,"1. G.k.1에 4번(drug not administered) 누락되었음. 
2. 전반적으로 항목 번호 순서대로 배치 요망 
3. G.k.2.2는 보고된 용어를 입력하는 항목인데, WHODrug에서 검색하도록 설정되어 있어 수정 필요
4. Duplication check 페이지에서 입력했던 PRD_DG_KEY 정보(Product ID로 항목명 변경)가 DG 페이지에서 확인되도록 설정 요망 
5. MFDS report type에서 '시판 후 이상사례 국외보고'를 선택한 경우에는 G.k.2.1.KR.1에서 WHO-Drug 입력 필요하며 WHO-DD 버전 및 검색 기능 필요
6. G.k.2.4 항목을 포함하여 다수 항목이 항목 번호와 항목명이 일치하지 않음. 전체적으로 ICH/FDA/MFDS 요건에 맞게 항목명/번호 기재되어 있는지 점검 필요함.
7. G.k.4.r.1b(dose), G.k.4.r.3(interval unit), G.k.4.r.6b 등은 UCUM code로 설정되어야 함. 전체적으로 UCUM code 대상 항목 리스트 확인 요망
8. 현재 Related Reaction (G.k.9.i.0)로 되어 있는 항목명은 Reaction(s) / Event(s) Assessed (G.k.9.i.1)로 수정되어야 하며, Reaction / Event (E.i.2.1b)에 저장된 AE term 중에서 선택 가능하도록 해야 함. 또한, 선택된 AE term 별로 탭(시트)을 추가하여 source 별로 입력할 수 있도록 설정 필요
9. G.k.4.r - Structured Dosage Information에서 여러 투여량이 있는 경우, 탭(시트)을 추가하여 각 탭별로 입력하는 방법으로 수정",2026-02-25,"2026-03-13 부분 반영: G.k.1의 Drug Characterization 값셋을 frontend type/schema/UI fallback에서 4 = Drug Not Administered까지 허용하도록 수정함. 또한 G.k.2.2를 WHODrug 검색형이 아닌 reported-term 자유입력으로 변경했고, duplication check에서 저장된 dg_prd_key를 case detail에 연결해 DG 섹션에서 Product ID로 확인 가능하게 표시함. G.k.2.5 Investigational Product Blinded도 기존 backend/XML 지원을 활용해 DG UI와 save payload에 연결함. drug-reaction assessment에서는 기존 Related Reaction (G.k.9.i.0) 표기를 Reaction(s) / Event(s) Assessed (G.k.9.i.1)로 수정하여 Section E의 reaction 선택 UI와 일치시키고 source field 번호도 G.k.9.i.2.r.1로 바로잡음. 추가로 DG 섹션에서 잘못 부여되어 있던 일부 E2B 번호를 정리해 obtain country/auth number/auth holder는 spec 번호에 맞게 수정하고, brand/generic/cumulative dose/gestation helper 필드는 잘못된 번호 표시를 제거했음. G.k.4.r.1b, G.k.4.r.3, G.k.4.r.6b는 UCUM-oriented 제어 선택형으로 유지하면서, 여러 dosage row는 tabbed regimen UI로 전환해 한 화면에서 regimen별 전환 입력이 가능하게 수정함. 또한 MFDS report type이 시판 후 이상사례 국외보고로 표시된 경우 G.k.2.1.KR.1b는 기존 자유입력 대신 WHO-Drug 검색 선택형으로 동작하고, 선택된 dictionary version을 G.k.2.1.KR.1a에 자동 반영하도록 연결했으며, MFDS domestic drug case에서는 active substance code(G.k.2.3.r.1.KR.1b)도 WHO-Drug 검색 선택형으로 보완해 version(G.k.2.3.r.1.KR.1a)과 substance name을 함께 채우도록 정리함. 이번 pass에서는 G.k.2.3.r Active Substance block도 G.k.2 영역으로 이동시켜 DG 상단 order를 번호 흐름에 더 가깝게 재배치함. 다만 DG 전반의 항목 순서 전면 재배치와 전체 UCUM 카탈로그 연동은 아직 미구현 상태임.",2026-03-13,Partial
15,,"Case 생성>Review, WF","1. RE 페이지가 Review 기능을 의도한 것인지 확인 필요함. cubeSAFETY에는 보고별 Timeline을 관리, 제출 결과(배치번호, 보고날짜등) 확인하는 페이지로 구성되어 있음. 해당 기능을 구현해 주기 바람. 
2. WF 기능에 대해서 구현 예정인지 확인 필요.",2026-02-25,,,
16,CASE,Case XML Export,"1. 1개의 사례 Export 되는것은 확인하였으며, DB 검증 후 맞게 출력되는 것일지 재확인 필요
2. 여러 사례 동시 출력 가능하도록 수정 필요",2026-02-25,,,
17,INFO,General/Common,"1. 상단의 회색 문구 수정 요망 (Manage reusable templates for sender, receiver, product, reporter, study, and narrative data. Import templates directly into case forms. -> Manage information for sender, receiver, product, reporter, study, and narrative template.) 
2. Add template와 Create your first template 기능에 무슨 차이가 있는지? 차이가 없다면 create~ 는 삭제
3. 필수항목 표시는 Case 생성 탭과 일관되게 반영 (항목평 좌측에 빨간색 * 표시) 
4. 제목의 Pre-saved templates 표현도 삭제 또는 맥락에 맞게 수정
5. Notation란은 해당 항목의 하위 항목임을 명확히 인지할 수 있도록 배치 조정 
6. 전체적으로 Template name, Description 삭제 
7. 등록된 정보는 numbering하여 행 형식(Line-listing 형식)으로 보여지도록 설정 
8. Table Header 설정하여 화면에서 보이도록 설정 및 항목별 필터 설정 가능하게 수정 필요
9. Delete 체크 박스를 버튼 형식으로 수정",2026-02-25,"2026-03-09 반영: INFO 메인 제목에서 Pre-saved Templates 표현 제거, 설명 문구를 요청안에 맞게 수정, Add Template/Create your first template 버튼을 현재 탭 기준 Add Sender/Add Receiver 등으로 변경. 필수표시 위치, line-listing/table header/filter, notation 배치, template name/description 제거 등은 아직 미구현.",2026-03-09,Partial
18,INFO,Sender,"Add Template -> Add Sender로 수정(해당 페이지 내 모든 항목), 등록된 Sender 정보가 organization(client) 정보와 연동되어야 함. 즉, user 접근 권한 부여, case processing, submission 등 전체적인 업무가 Sender 별로 진행되어야 함. (상위 분류 General 항목의 2번 참조)",2026-02-25,,,
19,INFO,Study,"1. Product는 등록된 정보에서 가져오도록 설정
2. MFDS, FDA regional element 반영
- MFDS: study number -> study  no, protocol no 선택 하도록, Other Studies Type (C.5.4.KR.1) 추가 
- FDA: IND Number where AE Occurred (FDA.C.5.5a), Pre-ANDA Number where AE Occurred (FDA.C.5.5b), FDA.C.5.6.r - IND number of cross reported IND 등 추가 
3. EDC sync 기능이 가용하지 않으므로 삭제",2026-02-25,,,
20,INFO,Narrative,"Narrative template 활용 가능하도록 개발된 것이 맞는지? 참고로, cubeSAFETY에서는 다음과 같이 Element ID를 이용하여 Narrative template를 입력하도록 되어 있음.",2026-02-25,,,
21,DATA,General/Common,"1. This section will include MedDRA terminology search, WHODrug lookups, country code lists, and E2B(R3) code list management. 
-> 일반 User에게는 불필요한 기능임. System Admin만 확인할 수 있도록 접근권한 설정할 것
2. Admin 권한도 System 관리자로서의 Admin 과 User의 Admin 역할 구분이 필요하며 User의 Admin 권한은 메뉴의 ADMIN 페이지에서 관리할 수 있도록 수정 필요",2026-02-25,,,
22,IMPORT,"XML Import 기능
","1. Import E2BR3 XML files -> E2B(R3)로 수정
2. Supports E2BR3 (ICH) XML format -> ICH E2B(R3)로 수정
3. ICH 기준이 아닌 MFDS, FDA 항목이 포함된 XML도 import 가능해야 하며, regional elements가 적절히 저장되어야 하므로, Import 시점에 XML format을 선택하는 기능 필요함.
4. Import history 확인할 수 있도록 탭 추가 (no, case no, file name, status, error(에러 시 사유 확인), import date/time, user 등)
5. XML의 경우 파일 첨부, batch report 가능하므로 최대 용량을 10MB로 설정할 경우 import 불가한 상황이 발생할 수 있으므로, 최대 용량 상향 조정 요망 
6. zip 파일로도 import 가능해야 함.",2026-02-25,"2026-03-10 반영 완료: Import 화면 문구를 E2B(R3) 기준으로 정리했고, import 시 validation profile 선택(ICH/FDA/MFDS/Auto) UI를 추가함. backend import route는 multipart format override를 받아 저장 profile에 반영하도록 확장했고, .zip 업로드에서 내부 .xml 파일들을 순차 import하여 결과를 파일별로 반환하도록 구현함. XML validator 기본 업로드 제한도 10MB로 상향해 화면 안내와 실제 동작을 일치시켰다. 또한 xml_import_history 저장 테이블/정책과 /api/import/xml/history endpoint를 추가하고, Import 화면에 history 탭(no/case no/file/status/error/import date-time/user)을 연결했다. 운영 환경에서는 신규 SQL(18-xml-import-history.sql) 적용이 필요함.",2026-03-10,Done
23,SUB,General/Common,"1. Sub -> Export/Submission으로 수정 (해당 기능을 직관적으로 알 수 있도록) 혹은 Export와 submission 시 선택 항목과 그 결과로 확인해야 하는 정보가 상이하므로 메뉴에서 각 기능을 분리해 주기를 요망 (예를 들면 submission의 경우 batch 결과와 message 결과가 각각 제시되어야 함)
2. Table heading에서 patient, severity 정보 불필요함. Date of creation, WW unique ID, product, Event 등의 정보를 포함할 것
3. Export, Submission history 페이지 추가
- Export;  no, case no, file name, status, error(에러 시 사유 확인),  export date/time, user 등
- Submission: batch 결과와 Message 결과가 각각 확인되어야 함.
 *batch 결과: no, receiver, batch no, batch status, ACK 다운로드, ICSR 건수, Submission date, Acknowledged date, Data file, Error, User 등
 *message 결과: no, no, receiver, batch no, case no, date of creation, batch status, message status, Submission date, Acknowledged date 등",2026-02-25,"2026-03-10 부분 반영: 좌측 메뉴 SUB를 EXPORT/SUBMISSION으로 변경했고 페이지 제목도 Export / Submission으로 수정함. 이번 pass에서 Export / Submit / Export History / Submission History 탭형 화면으로 재구성하고, export history는 별도 xml_export_history 저장 테이블과 /api/exports/history endpoint를 통해 no/case no/file name/status/error/export date-time/user 형태로 조회 가능하게 구현함. submission 쪽도 /api/submissions/history endpoint를 추가해 case no/receiver(batch gateway)/batch no(remote submission id)/batch status/submission date/user를 화면에서 확인 가능하게 함. 다만 product/event/date of creation 컬럼 재구성, ACK 다운로드, acknowledged date, ICSR count, data file, 그리고 batch 결과와 message 결과의 완전 분리 테이블은 아직 미구현 상태임.",2026-03-10,Partial
24,SUB,Export,"1. Export XML -> XML format, Receiver 선택 기능 필요함.
2. Excel LL 추출 기능 개발 필요함. 
3. export, submission하고자 하는 case 필터링 기능 필요함. (예 Sender, Case no, Lock 여부, Ack Accept 여부, Workflow status, QC status 등) ",2026-02-25,"2026-03-10 부분 반영: Export / Submission 큐 화면에 case no/status/profile/export eligibility 기준 필터를 추가해 대상 케이스를 선별할 수 있게 함. 다만 Sender/Receiver/ACK accept/lock 여부 등 요청된 전체 필터 세트와 XML format/receiver 선택, Excel LL 추출은 아직 미구현 상태임.",2026-03-10,Partial
25,SUB,Submission ,"1. Sender, Receiver 정보 선택 기능 필요함. 
2. Receiver의 경우 국가별 Batch receiver identifier (N.1.4), Message receiver identifier(N.2.r.3)가 사전에 설정되어 있어야 하고, Report type에 따라 해당 identifier를 선택하여 보고하도록 설정해야 함. ",2026-02-25,"2026-03-10 부분 반영: Submission 화면에 authority(FDA/MFDS)와 함께 Sender/Receiver presave template 선택 UI를 추가했고, 선택된 template 정보를 export/submit 직전에 각 case의 sender, receiver, message header(batch/message sender/receiver identifier)에 반영하도록 연결함. Receiver presave template에는 authority+report type별 routing rule(N.1.4/N.2.r.3) 설정 필드를 추가했고, submission/export 시 각 case의 safety report reportType을 조회해 일치하는 receiver identifier를 적용하도록 구현함. 또한 authority와 동일한 validation profile의 case만 direct submission 하도록 제한함. 다만 규칙 후보를 자동 추천하는 UI나 receiver master와 report type 조합을 강제 검증하는 정책은 아직 미구현 상태임.",2026-03-10,Partial
26,ADMIN,Management>General,"1. Safety Database 내 Role 생성 기능 및 Role 별로 항목에 따른 Veiw, Review, Lock 설정 권한 부여 가능하도록 페이지 추가 필요 (Role setting, Role & Privilege 항목 필요(cubeSAFETY 참고)
- 다음 Role 생성 요청: PVM, PVS, Head of PV, Sponsor, ADB admin 
- Roles & Privilege 내 접근권한 종류 목록은 각 페이지/기능 확정 후 작성 필요함
2. Settings 페이지 추가 필요 (cubeSAFETY 참고)
- Time Zone, MedDRA language, Appendix, Case Identification Number Setting, (구현될 경우) Workflow configuration",2026-02-25,"2026-03-10 반영 완료: ADMIN 화면에 Roles & Privileges 탭과 Settings 탭을 추가했고, 사용자 생성/수정에서 PVM/PVS/Head of PV/Sponsor/ADB admin 역할을 실제 assign 가능한 role 값으로 확장함. 추가로 app_roles 저장소와 /api/admin/roles CRUD를 구현하여 custom role을 생성/수정/삭제할 수 있고, view/review/lock/admin privilege 조합이 런타임 permission 엔진에 로드되어 로그인 사용자 권한 검사에 실제 반영되도록 변경함. 또한 /api/admin/settings 및 app_settings 저장소를 추가하여 Time Zone, MedDRA language, Appendix defaults, Case Number prefix/padding, Workflow enabled 설정을 영속 저장하도록 구현함.",2026-03-10,Done
27,ADMIN,Management>Creat User,"1. User name 항목이 별도로 필요하지 않다면 삭제 (Email 정보로 User ID를 대신할 수 있음)
2. Organization은 QVIS 및 Client로 나누고 Client는 Sender 목록에서 선택하도록 설정 
3. Comments 혹은 Other information란 추가, Start/End date 추가 (해당 날짜에 따라 접근권한 부여, 차단되어야 함), 접근 대상 sender, product, study 정보 선택 기능 추가 
4. 현재 시점 Create user 클릭 시 에러 발생하여 저장되지 않음. ",2026-02-25,"2026-03-10 반영: Create User 화면에서 별도 username 입력을 제거하고 email을 기본 로그인 ID로 사용하도록 수정. Organization 선택은 QVIS/Client 카테고리로 분리했고, Client 사용자는 sender master 접근 대상을 최소 1개 이상 선택하도록 제약 추가. Comments/Other Information, Access Start/End Date, sender/product/study 접근범위 선택 UI를 추가했고, backend 인증 조회에도 시작/종료일 접근 제어를 반영함. 새 메타데이터 컬럼(users.comments/other_information/access_* ) 및 생성 API 저장 경로를 추가하여 기존 Create user 에러 없이 저장되도록 보정.",2026-03-10,Done
28,ADMIN,Management>User ,"1. 위에 언급한 항목을 포함하여 table headings 수정 (Organization 정보 필수)
2. INFO 페이지의 각 하위 페이지에 요청한 것과 같은 방식으로 User 목록 확인하도록 수정
3. User 추가는 INFO 페이지에서 입력하는 방식과 동일한 방식으로 수정 필요",2026-02-25,"2026-03-10 반영: ADMIN > Management의 Users 표에 Organization, Access Window, Sender/Product/Study scope, Comments 컬럼을 추가해 row 27에서 확장한 사용자 메타데이터를 직접 확인할 수 있게 수정. 또한 Create User는 INFO 페이지와 유사하게 상단 Add User 버튼으로 열고 닫는 방식으로 바꾸어 항상 펼쳐진 대형 폼 대신 목록 중심 관리 흐름으로 정리함. 다만 INFO 하위 탭 내부에 별도 User 관리 페이지를 중복 추가한 것은 아니고, ADMIN 화면 안에서 INFO 스타일의 add/list 흐름으로 맞춘 수준임.",2026-03-10,Done
29,ADMIN,Management>Organizations,Sender 탭에 입력한 정보로 관리하면 되므로 별도의 organization 등록 기능 불필요함. ,2026-02-25,"2026-03-10 반영: ADMIN > Management에서 별도 Organizations 생성/수정/삭제 UI를 제거함. Client 사용자 생성 시에는 선택한 sender master의 senderOrganization 값을 기준으로 내부 organization 레코드를 자동 매칭/생성하도록 변경하여, 사용자는 sender master를 기준으로만 client organization을 다루면 되게 정리함. QVIS/internal organization 선택은 내부 사용자 할당 용도로만 유지.",2026-03-10,Done
30,ADMIN,Audit Logs,Audit trail 페이지를 별도로 두기 보다는 각 항목에서 audit trail을 직접 확인할 수 있도록 설정 요망(cubeSAFETY 참고),2026-02-25,"2026-03-10 반영: ADMIN 내 별도 Audit Logs 탭을 제거하고, Management/Users, Roles & Privileges, Settings 화면 각각에 최근 audit trail 패널을 직접 배치함. 각 패널은 users/app_roles/app_settings 테이블 기준 최신 변경 이력을 같은 화면에서 바로 확인하도록 구성하여, 관리 작업 중 맥락을 벗어나지 않고 변경 이력을 볼 수 있게 정리함.",2026-03-10,Done
